<?xml version="1.0" encoding="UTF-8" standalone="yes"?>
<addon id="repository.skinaurarik" name="[B]Repo[/B] [COLOR azure][B]skinaurarik[/B][/COLOR]" version="1.0" provider-name="Rik Team">
    <extension point="xbmc.addon.repository" name="repository skinaurarik">
        <dir>                    
		<info compressed="false">https://raw.githubusercontent.com/rfontsv/Scripts-skin.aura.rik/main/zips/addons.xml</info>
        <checksum>https://raw.githubusercontent.com/rfontsv/Scripts-skin.aura.rik/main/zips/addons.xml.md5</checksum>
        <datadir zip="true">https://raw.githubusercontent.com/rfontsv/Scripts-skin.aura.rik/main/zips/</datadir>
		</dir>
    </extension>
	
    <extension point="xbmc.addon.metadata">
        <summary>Repo [COLOR azure][B]skinaurarik[/B][/COLOR]</summary>
        <description>Repositorio de addons y scripts para [COLOR azure]skin.aura.rik[/COLOR]
[COLOR gold]Developers:[/COLOR] Rik Team</description>
        <disclaimer>Repositorio de addons para Kodi 19.x Matrix y 20.x Nexus.</disclaimer>
        <platform>all</platform>
        <assets>
            <icon>icon.png</icon>
			<fanart>fanart.jpg</fanart>
        </assets>
		<source>https://github.com/rfontsv/Scripts-Scripts-skin.aura.rik/</source>
    </extension>
</addon>